,first_name,last_name,email
,Virginia,Hawick,giwanowski0@homestead.com
,Whitaker,Kaes,adelf1@disqus.com
,Jorge,Leare,agregh2@youtube.com
,Tiphani,Coucher,lyegorev3@house.gov
,Linnell,Praton,agravenall4@typepad.com
,فيليبوس,Palffy,mrapo5@fema.gov
,Willamina,Janovsky,oshireff6@businessinsider.com
,Brigid,Drysdell,jbucklan7@tripod.com
,Lothario,Arnaud,bgoodinson8@is.gd
,Merrile,Curtin,mhulk9@sphinn.com
,Katie,Traviss,tipsgravea@de.vu
,فيليبوس,Reburñ,gdobelb@nsw.gov.au
,Joyous,Le Fevre,lrobleyc@hatena.ne.jp
,Jessi,Mardle,ehannabyd@dagondesign.com
,Zerk,Trenholm,kjilese@hao123.com
,Féodora,McTrüstam,astrewthersf@cbslocal.com
,Flss,Volet,rbanasiakg@adobe.com
,לויד,לויס,lyegorev3@house.gov
,Elka,Haslum,jrappoporti@columbia.edu
,Nealy,Norrey,gvalesj@qq.com
,Raimundo,Berston,rdowyerk@springer.com
,Chrissie,Boldecke,adilkesl@biglobe.ne.jp
,Sherlock,Grece,vwedgem@angelfire.com
,آصف,Moaksoñ,escatchardn@phoca.cz
,Cobbie,Sneyd,abridleo@blog.com
,Renelle,Groveham,msawnwyp@usda.gov
,Audi,Rasmus,dbirdseyq@digg.com
,Sukey,Laste,cclementsr@alexa.com
,Ruthann,Dowdney,aregitzs@live.com
, تارح,Faltiñ,lsimmingst@fc2.com
,Alyda,Larvor,rcurleu@ft.com
,Vassili,McGeady,nalbistonv@springer.com
,Tildi,Stolze,kslocombew@stanford.edu
,Ashlan,Samwayes,msorsbyx@npr.org
,Edna,Marieton,shaldenbyy@tinypic.com
,آصف,שלמה,giwanowski0@homestead.com
,Lizzy,Blaxill,eblythe10@360.cn
,Dorena,Skeats,wkynvin11@mail.ru
,Tades,Wolfarth,edeguerre12@fotki.com
,Grégg,Mahmood,hlimmer13@wired.com
,Hansiain,Demschke,tkulicke14@redcross.org
,ארד,Brouwer,telsdon15@privacy.gov.au
,Clerkclaude,Dugdale,aimpey16@so-net.ne.jp
,Patience,Wells,cgadsden17@ovh.net
,Sharyl,Jillins,mscamadin18@aboutads.info
,Regine,Gostyke,avarga19@fc2.com
,Berty,Arro,rraddan1a@com.com
,بنيامين,Smolañ,jsurfleet1b@psu.edu
,Herculie,Duff,hfennell1c@ucoz.com
,Wildon,Lates,rredgrove1d@github.io
,Alwin,Hugland,hshoute1e@istockphoto.com
,Kerstin,Strode,emccambrois1f@guardian.co.uk
,Gwenore,Calwell,hsmead1g@mac.com
,ארד,גוריון,agregh2@youtube.com
,Ethe,Scottrell,bvinnick1i@de.vu
,Marnéy,Crocetto,bhollingby1j@soup.io
,Sib,Arnell,agatherell1k@squidoo.com
,Ted,Castellan,rtomaszek1l@aol.com
,Napoleon,O'Shevlan,asheridan1m@cisco.com
, تارح,Bofield,bbellini1n@mapy.cz
,Kane,Anniwell,vgilbane1o@virginia.edu
,Stevena,Bartholomaus,vkarus1p@liveinternet.ru
,Gerik,Schirak,fdavy1q@jugem.jp
,Ezméralda,Dinwoodie,mferrarello1r@weebly.com
,Fleur,Basnall,colivier1s@noaa.gov
,بنيامين,Walklott,dchick1t@wix.com
,Corine,Cuttle,agillbee1u@list-manage.com
,Editha,Deabill,ogennerich1v@google.co.uk
,Eliot,Heasley,akingsnoad1w@liveinternet.ru
,Blondy,Dericot,cmattiuzzi1x@github.com
,Artur,Cantopher,rbrecknell1y@a8.net
,بنيامين,ג׳ורג׳,lyegorev3@house.gov
,Nancey,Ewenson,hvarvara20@answers.com
,Fredi,Trevear,fheeron21@etsy.com
,Hertha,Gheorghe,msoutherns22@digg.com
,Elia,Rego,mfriman23@bloglovin.com
,Juliet,McMurty,croggieri24@usgs.gov
,آصف,Beñois,cgullefant25@youtube.com
,Bone,Delhanty,ksawfoot26@wordpress.org
,Fiann,Wassüng,rnewbigging27@guardian.co.uk
,Melanie,Wordsley,spickin28@boston.com
,Tracey,Eaglen,jrodder29@time.com
,Jinny,Draper,hberard2a@dell.com
,ישראל,Rowaszkiewicz,gtort2b@state.tx.us
,Ave,Fligg,ftidball2c@reference.com
,Blythe,Maine,bshilstone2d@ehow.com
,Dirk,Tranckle,trigby2e@nydailynews.com
,Constantino,De Francisci,lprendergrast2f@bloglovin.com
,Inga,Cady,teynon2g@who.int
, تارح,ישראל,adelf1@disqus.com
,Odelle,McJerrow,bscarsbrick2i@jiathis.com
,Roddy,Luis,mbatalini2j@slate.com
,Hailee,Proffitt,npeartree2k@washington.edu
,Freida,Penni,mkain2l@va.gov
,Tricia,D'Ambrosio,wshearsby2m@virginia.edu
,ארד,Ralestoñ,dbetje2n@blog.com
,Sherwynd,Pead,rblackhurst2o@live.com
,Hedwiga,Sheals,clermouth2p@a8.net
,Willamina,MacCosto,jqualtrough2q@amazon.de
,Bailey,Aldhouse,odickon2r@state.tx.us
